Date,SP500,DCOILWTICO,GOLDAMGBD228NLBM,DEXUSEU
02/01/14,1831.98,95.14,1219.75,1.367
03/01/14,1831.37,93.66,1232.25,1.3606
06/01/14,1826.77,93.12,1238,1.3636
07/01/14,1837.88,93.31,1237.5,1.3618
08/01/14,1837.49,91.9,1226.5,1.3586
09/01/14,1838.13,91.36,1226,1.3591
10/01/14,1842.37,92.39,1232.25,1.3664
13/01/14,1819.2,91.45,1246,1.3647
14/01/14,1838.88,92.15,1248.75,1.3682
15/01/14,1848.38,93.78,1238,1.3604
16/01/14,1845.89,93.54,1237.25,1.36
17/01/14,1838.7,93.96,1241,1.3554
20/01/14,#N/A,0,1254.75,0
21/01/14,1843.8,94.51,1247.75,1.356
22/01/14,1844.86,96.35,1239.5,1.3546
23/01/14,1828.46,97.23,1244.25,1.368
24/01/14,1790.29,96.66,1259.25,1.368
27/01/14,1781.56,95.82,1270,1.3679
28/01/14,1792.5,97.49,1253.5,1.3662
29/01/14,1774.2,97.34,1254.75,1.3663
30/01/14,1794.19,98.25,1254,1.3549
31/01/14,1782.59,97.55,1246.5,1.35
03/02/14,1741.89,96.44,1246.5,1.3523
04/02/14,1755.2,97.24,1253,1.3507
05/02/14,1751.64,97.4,1257,1.3519
06/02/14,1773.43,97.84,1258.5,1.3604
07/02/14,1797.02,99.98,1260,1.3614
10/02/14,1799.84,100.12,1273.5,1.3644
11/02/14,1819.75,99.96,1282.75,1.3654
12/02/14,1819.26,100.38,1286.5,1.3592
13/02/14,1829.83,100.27,1290.25,1.3669
14/02/14,1838.63,100.31,1308.5,1.369
17/02/14,#N/A,0,1326,0
18/02/14,1840.76,102.54,1314,1.3758
19/02/14,1828.75,103.46,1318.75,1.3762
20/02/14,1839.78,103.2,1313.75,1.369
21/02/14,1836.25,102.53,1320.75,1.3722
24/02/14,1847.61,103.17,1333,1.3744
25/02/14,1845.12,102.2,1332.75,1.3749
26/02/14,1845.16,102.93,1340,1.3668
27/02/14,1854.29,102.68,1331,1.3724
28/02/14,1859.45,102.88,1327.75,1.3806
03/03/14,1845.73,105.34,1344.25,1.3763
04/03/14,1873.91,103.64,1339.5,1.3731
05/03/14,1873.81,101.75,1333.5,1.3734
06/03/14,1877.03,101.82,1334.25,1.3848
07/03/14,1878.04,102.82,1348.25,1.3868
10/03/14,1877.17,101.39,1334.25,1.388
11/03/14,1867.63,100.29,1348,1.3867
12/03/14,1868.2,98.29,1355.75,1.3904
13/03/14,1846.34,98.57,1371,1.3927
14/03/14,1841.13,99.23,1370,1.3924
17/03/14,1858.83,98.43,1379,1.3927
18/03/14,1872.25,100.08,1362.5,1.3913
19/03/14,1860.77,100.71,1346,1.391
20/03/14,1872.01,99.68,1327,1.3784
21/03/14,1866.52,99.97,1338.5,1.3783
24/03/14,1857.44,100.05,1322,1.3784
25/03/14,1865.62,99.66,1314.75,1.3777
26/03/14,1852.56,100.61,1314.5,1.3786
27/03/14,1849.04,101.25,1295,1.3752
28/03/14,1857.62,101.73,1295.75,1.3753
31/03/14,1872.34,101.57,1294,1.3777
01/04/14,1885.52,99.69,1286.5,1.3804
02/04/14,1890.9,99.6,1284,1.3761
03/04/14,1888.77,100.29,1287.25,1.3708
04/04/14,1865.09,101.16,1293.5,1.3704
07/04/14,1845.04,100.43,1299,1.3745
08/04/14,1851.96,102.57,1314.75,1.3802
09/04/14,1872.18,103.55,1309.75,1.3816
10/04/14,1833.08,103.37,1321.5,1.3892
11/04/14,1815.69,103.68,1317.25,1.3898
14/04/14,1830.61,104.05,1324.5,1.3824
15/04/14,1842.98,103.7,1311.5,1.3806
16/04/14,1862.31,103.71,1299,1.382
17/04/14,1864.85,104.33,1299.25,1.3832
18/04/14,#N/A,0,0,1.3816
21/04/14,1871.89,104.35,0,1.379
22/04/14,1879.55,101.69,1290.75,1.3804
23/04/14,1875.39,101.47,1283.5,1.3814
24/04/14,1878.61,102.2,1283.5,1.3828
25/04/14,1863.4,100.85,1294.25,1.3838
28/04/14,1869.43,101.13,1302,1.3844
29/04/14,1878.33,101.56,1289.75,1.3808
30/04/14,1883.95,100.07,1292,1.387
01/05/14,1883.68,99.69,1283,1.3867
02/05/14,1881.14,100.09,1285,1.3864
05/05/14,1884.66,99.74,0,1.3884
06/05/14,1867.72,99.81,1308.5,1.3924
07/05/14,1878.21,101.06,1311,1.3917
08/05/14,1875.63,100.52,1291.25,1.3864
09/05/14,1878.48,100.32,1289,1.3763
12/05/14,1896.65,100.89,1292.75,1.376
13/05/14,1897.45,102.01,1292.75,1.3711
14/05/14,1888.53,102.63,1300.25,1.3718
15/05/14,1870.85,101.74,1303.75,1.3712
16/05/14,1877.86,102.31,1293.75,1.3708
19/05/14,1885.08,102.95,1301,1.3716
20/05/14,1872.83,102.8,1291.5,1.3702
21/05/14,1888.03,104.31,1292,1.3657
22/05/14,1892.49,104.03,1294.5,1.3652
23/05/14,1900.53,105.01,1292,1.3628
26/05/14,#N/A,0,0,0
27/05/14,1911.91,104.78,1283,1.3618
28/05/14,1909.78,103.37,1265.25,1.3596
29/05/14,1920.03,104.26,1254,1.3608
30/05/14,1923.57,103.4,1254,1.364
02/06/14,1924.97,103.07,1244.75,1.3606
03/06/14,1924.24,103.34,1244.25,1.3624
04/06/14,1927.88,103.27,1246,1.3619
05/06/14,1940.46,103.17,1244.75,1.3618
06/06/14,1949.44,103.32,1254,1.3639
09/06/14,1951.27,105.09,1255,1.3589
10/06/14,1950.79,105.02,1253.5,1.3543
11/06/14,1943.89,105.04,1262.5,1.3532
12/06/14,1930.11,107.2,1261.75,1.3556
13/06/14,1936.16,107.49,1273,1.3522
16/06/14,1937.78,107.52,1281.75,1.3578
17/06/14,1941.99,106.95,1264.5,1.3543
18/06/14,1956.98,106.64,1269,1.3567
19/06/14,1959.48,107.08,1282,1.362
20/06/14,1962.87,107.95,1310,1.3586
23/06/14,1962.61,106.83,1313.5,1.3593
24/06/14,1949.98,106.64,1323,1.3588
25/06/14,1959.53,107.04,1312,1.3638
26/06/14,1957.22,106.49,1311.5,1.361
27/06/14,1960.96,106.46,1315.25,1.3631
30/06/14,1960.23,106.07,1313,1.369
01/07/14,1973.32,106.06,1325.75,1.3681
02/07/14,1974.62,105.18,1326.75,1.3656
03/07/14,1985.44,104.76,1322.5,1.361
04/07/14,#N/A,0,1321.5,0
07/07/14,1977.65,104.19,1313.25,1.3604
08/07/14,1963.71,104.06,1318.25,1.3614
09/07/14,1972.83,102.93,1322.5,1.363
10/07/14,1964.68,103.61,1343.25,1.36
11/07/14,1967.57,101.48,1336.5,1.3598
14/07/14,1977.1,101.73,1321.25,1.362
15/07/14,1973.28,100.56,1312,1.3573
16/07/14,1981.57,101.88,1297.5,1.353
17/07/14,1958.12,103.84,1302.75,1.353
18/07/14,1978.22,103.83,1310.25,1.3515
21/07/14,1973.63,105.34,1312.75,1.3524
22/07/14,1983.53,104.59,1307,1.347
23/07/14,1987.01,103.81,1307.5,1.3462
24/07/14,1987.98,102.76,1300,1.3468
25/07/14,1978.34,105.23,1292.5,1.3431
28/07/14,1978.91,105.68,1305,1.344
29/07/14,1969.95,104.91,1307.5,1.341
30/07/14,1970.07,104.29,1297.5,1.3378
31/07/14,1930.67,98.23,1295,1.339
01/08/14,1925.15,97.86,1284.5,1.3436
04/08/14,1938.99,98.26,1293.5,1.3414
05/08/14,1920.21,97.34,1292.75,1.3366
06/08/14,1920.24,96.93,1288.5,1.3355
07/08/14,1909.57,97.34,1302,1.3362
08/08/14,1931.59,97.61,1317.5,1.3412
11/08/14,1936.92,98.09,1308.25,1.3385
12/08/14,1933.75,97.36,1311,1.3357
13/08/14,1946.72,97.57,1309.25,1.3367
14/08/14,1955.18,95.54,1315,1.3376
15/08/14,1955.06,97.3,1313.6,1.3392
18/08/14,1971.74,96.44,1302.75,1.3358
19/08/14,1981.6,94.35,1300.25,1.332
20/08/14,1986.51,96.4,1294.5,1.3284
21/08/14,1992.37,93.97,1280.5,1.3284
22/08/14,1988.4,93.61,1281,1.3237
25/08/14,1997.92,95.39,0,1.3206
26/08/14,2000.02,95.78,1286.5,1.3189
27/08/14,2000.12,95.82,1285,1.3192
28/08/14,1996.74,96.44,1288,1.3178
29/08/14,2003.37,97.86,1285.75,1.315
01/09/14,#N/A,0,1287.25,0
02/09/14,2002.28,92.92,1277.75,1.3124
03/09/14,2000.72,95.5,1268.5,1.3136
04/09/14,1997.65,94.51,1271,1.2926
05/09/14,2007.71,93.32,1264,1.2956
08/09/14,2001.54,92.64,1267.25,1.2948
09/09/14,1988.44,92.73,1256,1.2909
10/09/14,1995.69,91.71,1254.25,1.2908
11/09/14,1997.45,92.89,1247,1.2936
12/09/14,1985.54,92.18,1237.25,1.2955
15/09/14,1984.13,92.86,1234.75,1.2951
16/09/14,1998.98,94.91,1238.75,1.2976
17/09/14,2001.57,94.33,1236.5,1.2958
18/09/14,2011.36,93.07,1223,1.2913
19/09/14,2010.4,92.43,1222.5,1.2835
22/09/14,1994.29,91.46,1214,1.2829
23/09/14,1982.77,91.55,1225,1.2858
24/09/14,1998.3,93.6,1224,1.2788
25/09/14,1965.99,93.59,1210.5,1.2748
26/09/14,1982.85,95.55,1222.25,1.2686
29/09/14,1977.8,94.53,1217.75,1.2703
30/09/14,1972.29,91.17,1210,1.2628
01/10/14,1946.16,90.74,1208.5,1.2618
02/10/14,1946.17,91.02,1214.5,1.267
03/10/14,1967.9,89.76,1207.5,1.2517
06/10/14,1964.82,90.33,1193.25,1.2592
07/10/14,1935.1,88.89,1207.5,1.2626
08/10/14,1968.89,87.29,1220,1.2683
09/10/14,1928.21,85.76,1227.5,1.2683
10/10/14,1906.13,85.87,1222.25,1.2636
13/10/14,1874.74,85.73,1228,0
14/10/14,1877.7,81.72,1233,1.266
15/10/14,1862.49,81.82,1223.5,1.2778
16/10/14,1862.76,82.33,1241,1.2812
17/10/14,1886.76,82.8,1238,1.2755
20/10/14,1904.01,82.76,1241,1.2783
21/10/14,1941.28,83.25,1251.75,1.2724
22/10/14,1927.11,80.52,1246.75,1.2658
23/10/14,1950.82,82.81,1240.5,1.2658
24/10/14,1964.58,81.27,1231.75,1.2675
27/10/14,1961.63,81.26,1230.5,1.2712
28/10/14,1985.05,81.36,1228.25,1.2747
29/10/14,1982.3,82.25,1228,1.2762
30/10/14,1994.65,81.06,1205.75,1.2622
31/10/14,2018.05,80.53,1173.25,1.253
03/11/14,2017.81,78.77,1170.75,1.2487
04/11/14,2012.1,77.15,1169.25,1.2554
05/11/14,2023.57,78.71,1145.25,1.2488
06/11/14,2031.21,77.87,1144.5,1.2414
07/11/14,2031.92,78.71,1145,1.2422
10/11/14,2038.26,77.43,1172,1.2425
11/11/14,2039.68,77.85,1151.25,0
12/11/14,2038.25,77.16,1163.25,1.2456
13/11/14,2039.33,74.13,1161,1.2476
14/11/14,2039.82,75.91,1154,1.2494
17/11/14,2041.32,75.64,1187,1.2447
18/11/14,2051.8,74.55,1202,1.2534
19/11/14,2048.72,74.55,1200.75,1.2548
20/11/14,2052.75,75.63,1194,1.2526
21/11/14,2063.5,76.52,1193.25,1.2394
24/11/14,2069.41,75.74,1196,1.2427
25/11/14,2067.03,74.04,1202.25,1.2472
26/11/14,2072.83,73.7,1195.75,1.2503
27/11/14,#N/A,0,1196.5,0
28/11/14,2067.56,65.94,1184.5,1.2438
01/12/14,2053.44,68.98,1178.75,1.249
02/12/14,2066.55,66.99,1197,1.239
03/12/14,2074.33,67.3,1203.25,1.2304
04/12/14,2071.92,66.73,1204,1.2432
05/12/14,2075.37,65.89,1204.5,1.2304
08/12/14,2060.31,63.13,1195.25,1.2292
09/12/14,2059.82,63.74,1206.5,1.2415
10/12/14,2026.14,60.99,1228.25,1.2425
11/12/14,2035.33,60.01,1219.5,1.2397
12/12/14,2002.33,57.81,1223.5,1.2484
15/12/14,1989.63,55.96,1210.75,1.247
16/12/14,1972.74,55.97,1199.25,1.2504
17/12/14,2012.89,56.43,1199,1.2406
18/12/14,2061.23,54.18,1210.75,1.2291
19/12/14,2070.65,56.91,1197.5,1.2235
22/12/14,2078.54,55.25,1195.25,1.2252
23/12/14,2082.17,56.78,1179.5,1.218
24/12/14,2081.88,55.7,1177,1.2188
25/12/14,#N/A,0,0,0
26/12/14,2088.77,54.59,0,0
29/12/14,2090.57,53.46,1194,1.2179
30/12/14,2080.35,54.14,1186.5,1.2174
31/12/14,2058.9,53.45,1199.25,1.2101
01/01/15,#N/A,0,0,0
02/01/15,2058.2,52.72,1184.25,1.2015
05/01/15,2020.58,50.05,1192,1.1918
06/01/15,2002.61,47.98,1211,1.1936
07/01/15,2025.9,48.69,1213.75,1.182
08/01/15,2062.14,48.8,1206.5,1.1811
09/01/15,2044.81,48.35,1211.25,1.183
12/01/15,2028.26,46.06,1222,1.1832
13/01/15,2023.03,45.92,1239,1.1779
14/01/15,2011.27,48.49,1228.75,1.1806
15/01/15,1992.67,46.37,1235.25,1.1598
16/01/15,2019.42,48.49,1258.25,1.1517
19/01/15,#N/A,0,1275.5,0
20/01/15,2022.55,46.79,1292.25,1.1559
21/01/15,2032.12,47.85,1298,1.1584
22/01/15,2063.15,45.93,1287,1.1414
23/01/15,2051.82,45.26,1293.5,1.1279
26/01/15,2057.09,44.8,1282.75,1.129
27/01/15,2029.55,45.84,1279,1.137
28/01/15,2002.16,44.08,1287,1.1342
29/01/15,2021.25,44.12,1275.5,1.1308
30/01/15,1994.99,47.79,1263.5,1.129
02/02/15,2020.85,49.25,1274.25,1.1337
03/02/15,2050.03,53.04,1281,1.1462
04/02/15,2041.51,48.45,1269.25,1.1418
05/02/15,2062.52,50.48,1263.75,1.1432
06/02/15,2055.47,51.66,1264,1.133
09/02/15,2046.74,52.99,1242.25,1.1316
10/02/15,2068.59,50.06,1237.5,1.1316
11/02/15,2068.53,48.8,1235.5,1.13
12/02/15,2088.48,51.17,1225.25,1.141
13/02/15,2096.99,52.66,1225.75,1.1408
16/02/15,#N/A,0,1233.5,0
17/02/15,2100.34,53.56,1221.75,1.1395
18/02/15,2099.68,52.13,1206.5,1.1342
19/02/15,2097.45,51.12,1217.75,1.1392
20/02/15,2110.3,49.95,1203.5,1.1372
23/02/15,2109.66,49.56,1193.5,1.1346
24/02/15,2115.48,48.48,1195.5,1.1307
25/02/15,2113.86,50.25,1206.5,1.1363
26/02/15,2110.74,47.65,1220,1.1212
27/02/15,2104.5,49.84,1205,1.1197
02/03/15,2117.39,49.59,1216.75,1.119
03/03/15,2107.78,50.43,1207.75,1.1212
04/03/15,2098.53,51.53,1204.25,1.107
05/03/15,2101.04,50.76,1199.75,1.1006
06/03/15,2071.26,49.61,1196.5,1.0855
09/03/15,2079.43,49.95,1173.75,1.0846
10/03/15,2044.16,48.42,1161,1.0707
11/03/15,2040.24,48.06,1158.75,1.0576
12/03/15,2065.95,47.12,1161.25,1.0615
13/03/15,2053.4,44.88,1156.5,1.0524
16/03/15,2081.19,43.93,1157,1.0575
17/03/15,2074.28,43.39,1154.75,1.0605
18/03/15,2099.5,44.63,1149,1.0643
19/03/15,2089.27,44.02,1164,1.0621
20/03/15,2108.1,46,1171.75,1.0792
23/03/15,2104.42,47.4,1181.4,1.0928
24/03/15,2091.5,47.03,1193.25,1.0908
25/03/15,2061.05,48.75,1192.55,1.0986
26/03/15,2056.15,51.41,1209.4,1.0919
27/03/15,2061.02,48.83,1198,1.0891
30/03/15,2086.24,48.66,1187.4,1.0818
31/03/15,2067.89,47.72,1179.25,1.0741
01/04/15,2059.69,50.12,1181.25,1.0768
02/04/15,2066.96,49.13,1201.5,1.0874
03/04/15,#N/A,0,0,1.099
06/04/15,2080.62,52.08,0,1.1008
07/04/15,2076.33,53.95,1208.5,1.085
08/04/15,2081.9,50.44,1211.1,1.0818
09/04/15,2091.18,50.79,1196,1.0671
10/04/15,2102.06,51.63,1201.9,1.0598
13/04/15,2092.43,51.95,1197.85,1.0582
14/04/15,2095.84,53.3,1191.45,1.0672
15/04/15,2106.63,56.25,1189.85,1.0596
16/04/15,2104.99,56.69,1204.6,1.0742
17/04/15,2081.18,55.71,1204.55,1.078
20/04/15,2100.4,56.37,1203.25,1.0763
21/04/15,2097.29,55.58,1197.7,1.0758
22/04/15,2107.96,56.17,1202.4,1.0729
23/04/15,2112.93,56.59,1187.75,1.0803
24/04/15,2117.69,55.98,1192.15,1.0876
27/04/15,2108.92,55.56,1182.75,1.0892
28/04/15,2114.76,57.05,1201.4,1.0979
29/04/15,2106.85,58.55,1204.8,1.1174
30/04/15,2085.51,59.62,1204.3,1.1162
01/05/15,2108.29,59.1,1179,1.1194
04/05/15,2114.49,58.92,0,1.1145
05/05/15,2089.46,60.38,1187.4,1.1174
06/05/15,2080.15,60.93,1191.25,1.1345
07/05/15,2088,58.99,1183,1.1283
08/05/15,2116.1,59.41,1185.25,1.1241
11/05/15,2105.33,59.23,1184.75,1.1142
12/05/15,2099.12,60.72,1184.45,1.124
13/05/15,2098.48,60.5,1193,1.1372
14/05/15,2121.1,59.89,1214.75,1.1368
15/05/15,2122.73,59.73,1216.3,1.1428
18/05/15,2129.2,59.44,1228.15,1.1354
19/05/15,2127.83,57.3,1219.65,1.1151
20/05/15,2125.85,58.96,1206.75,1.1079
21/05/15,2130.82,60.18,1209.6,1.1126
22/05/15,2126.06,58.88,1211,1.1033
25/05/15,#N/A,0,0,0
26/05/15,2104.2,57.29,1194,1.0876
27/05/15,2123.48,57.51,1187.85,1.0888
28/05/15,2120.79,57.69,1189.45,1.0914
29/05/15,2107.39,60.25,1190.4,1.0994
01/06/15,2111.73,60.24,1187.3,1.0913
02/06/15,2109.6,61.3,1188.75,1.113
03/06/15,2114.07,59.67,1186.6,1.1285
04/06/15,2095.84,58,1182.45,1.1271
05/06/15,2092.83,59.11,1175.9,1.1108
08/06/15,2079.28,58.15,1173.4,1.1232
09/06/15,2080.15,60.15,1181,1.1284
10/06/15,2105.2,61.36,1186,1.1307
11/06/15,2108.86,60.74,1180.5,1.1236
12/06/15,2094.11,59.96,1179.25,1.1278
15/06/15,2084.43,59.53,1178.25,1.1266
16/06/15,2096.29,60.01,1182.1,1.1238
17/06/15,2100.44,59.89,1178.5,1.1244
18/06/15,2121.24,60.41,1198,1.1404
19/06/15,2109.99,59.62,1198.15,1.1335
22/06/15,2122.85,60.01,1193.7,1.1378
23/06/15,2124.2,61.05,1183.35,1.119
24/06/15,2108.58,60.01,1175.75,1.1178
25/06/15,2102.31,59.59,1174.6,1.1196
26/06/15,2101.49,59.41,1174.4,1.1156
29/06/15,2057.64,58.34,1176.5,1.118
30/06/15,2063.11,59.48,1175,1.1154
01/07/15,2077.42,56.94,1171.7,1.1084
02/07/15,2076.78,56.93,1164.3,1.109
03/07/15,#N/A,0,1168.25,0
06/07/15,2068.76,52.48,1164.25,1.1076
07/07/15,2081.34,52.33,1166.25,1.0952
08/07/15,2046.68,51.61,1154.25,1.1072
09/07/15,2051.31,52.76,1162.1,1.1025
10/07/15,2076.62,52.74,1162.4,1.115
13/07/15,2099.6,52.19,1154.95,1.102
14/07/15,2108.95,53.05,1153.2,1.1015
15/07/15,2107.4,51.4,1154.75,1.0965
16/07/15,2124.29,50.9,1145.1,1.0898
17/07/15,2126.64,50.88,1143,1.0848
20/07/15,2128.28,50.11,1115,1.085
21/07/15,2119.21,50.59,1108,1.0927
22/07/15,2114.15,49.27,1096.8,1.0884
23/07/15,2102.15,48.11,1101.65,1.0976
24/07/15,2079.65,47.98,1083.75,1.0976
27/07/15,2067.64,47.17,1098.6,1.1112
28/07/15,2093.25,47.97,1095.6,1.1055
29/07/15,2108.57,48.77,1096.75,1.1026
30/07/15,2108.63,48.53,1085.65,1.0914
31/07/15,2103.84,47.11,1080.05,1.1028
03/08/15,2098.04,45.25,1093,1.0962
04/08/15,2093.32,45.75,1092.6,1.0953
05/08/15,2099.84,45.13,1086.5,1.0868
06/08/15,2083.56,44.69,1085,1.0922
07/08/15,2077.57,43.87,1091.35,1.0958
10/08/15,2104.18,44.94,1094.8,1.0994
11/08/15,2084.07,43.11,1113.25,1.1042
12/08/15,2086.05,43.22,1116.8,1.1198
13/08/15,2083.39,42.27,1117.35,1.1144
14/08/15,2091.54,42.45,1116.75,1.111
17/08/15,2102.44,41.93,1117.3,1.1078
18/08/15,2096.92,42.58,1119.15,1.1028
19/08/15,2079.61,40.75,1123.2,1.1061
20/08/15,2035.73,41,1137.95,1.12
21/08/15,1970.89,40.45,1149.35,1.1356
24/08/15,1893.21,38.22,1153.5,1.158
25/08/15,1867.61,39.15,1154.25,1.141
26/08/15,1940.51,38.5,1134.4,1.139
27/08/15,1987.66,42.47,1128.5,1.1239
28/08/15,1988.87,45.29,1125.5,1.1172
31/08/15,1972.18,49.2,0,1.1194
01/09/15,1913.85,45.38,1141.9,1.1263
02/09/15,1948.86,46.3,1140,1.1242
03/09/15,1951.13,46.75,1130.05,1.1104
04/09/15,1921.22,46.02,1125,1.1117
07/09/15,#N/A,0,1121,0
08/09/15,1969.41,45.92,1120.85,1.1182
09/09/15,1942.04,44.13,1122.3,1.1165
10/09/15,1952.29,45.85,1107.75,1.1262
11/09/15,1961.05,44.75,1106.35,1.1338
14/09/15,1953.03,44.07,1108,1.1307
15/09/15,1978.09,44.58,1105.5,1.126
16/09/15,1995.31,47.12,1109.75,1.1304
17/09/15,1990.2,46.93,1118.15,1.1312
18/09/15,1958.03,44.71,1136,1.1358
21/09/15,1966.97,46.67,1136.85,1.1204
22/09/15,1942.74,46.17,1129.3,1.1133
23/09/15,1938.76,44.53,1124.6,1.116
24/09/15,1932.24,44.94,1134.45,1.1252
25/09/15,1931.34,45.55,1145.5,1.1192
28/09/15,1881.77,44.4,1137.5,1.1236
29/09/15,1884.09,45.24,1124.6,1.1246
30/09/15,1920.03,45.06,1122.5,1.1162
01/10/15,1923.82,44.75,1114.2,1.12
02/10/15,1951.36,45.54,1106.3,1.1276
05/10/15,1987.05,46.28,1134.35,1.12
06/10/15,1979.92,48.53,1136.9,1.1266
07/10/15,1995.83,47.86,1147.9,1.1249
08/10/15,2013.43,49.46,1143.3,1.1282
09/10/15,2014.89,49.67,1151.5,1.1363
12/10/15,2017.46,47.09,1164.2,0
13/10/15,2003.69,46.7,1154.4,1.1382
14/10/15,1994.24,46.63,1173.7,1.1437
15/10/15,2023.86,46.38,1183.35,1.1418
16/10/15,2033.11,47.3,1176.35,1.136
19/10/15,2033.66,45.91,1171.65,1.132
20/10/15,2030.77,45.84,1173.7,1.1359
21/10/15,2018.94,45.22,1174.4,1.1345
22/10/15,2052.51,44.9,1166.45,1.114
23/10/15,2075.15,43.91,1171.55,1.1016
26/10/15,2071.18,43.19,1168.5,1.1051
27/10/15,2065.89,43.21,1165.75,1.1052
28/10/15,2090.35,45.93,1171.5,1.1066
29/10/15,2089.41,46.02,1159,1.0963
30/10/15,2079.36,46.6,1147.75,1.1042
02/11/15,2104.05,46.12,1135.8,1.1026
03/11/15,2109.79,47.88,1130.9,1.0946
04/11/15,2102.31,46.32,1118,1.0861
05/11/15,2099.93,45.27,1107.3,1.0869
06/11/15,2099.2,44.32,1107.7,1.0746
09/11/15,2078.58,43.87,1095.6,1.0767
10/11/15,2081.72,44.23,1092.5,1.0686
11/11/15,2075,42.95,1088.6,0
12/11/15,2045.97,41.74,1087.6,1.0768
13/11/15,2023.04,40.69,1083.75,1.0722
16/11/15,2053.19,41.68,1094.5,1.0708
17/11/15,2050.44,40.73,1080.8,1.0634
18/11/15,2083.58,40.75,1070.5,1.0638
19/11/15,2081.24,40.55,1073.1,1.0746
20/11/15,2089.17,39.39,1085.15,1.066
23/11/15,2086.59,39.27,1068.35,1.0602
24/11/15,2089.14,40.89,1073,1.0652
25/11/15,2088.87,41.22,1072.2,1.0616
26/11/15,#N/A,0,1070.5,0
27/11/15,2090.11,40.57,1064.65,1.0596
30/11/15,2080.41,40.43,1055.65,1.0562
01/12/15,2102.63,40.58,1069.25,1.062
02/12/15,2079.51,39.93,1066.9,1.0573
03/12/15,2049.62,41.08,1050.6,1.0902
04/12/15,2091.69,40,1063,1.0884
07/12/15,2077.07,37.64,1082.7,1.084
08/12/15,2063.59,37.46,1071.75,1.0876
09/12/15,2047.62,37.16,1078.4,1.0984
10/12/15,2052.23,36.76,1072,1.0948
11/12/15,2012.37,35.65,1067.2,1.1002
14/12/15,2021.94,36.31,1068,1.1025
15/12/15,2043.41,37.32,1069.15,1.0911
16/12/15,2073.07,35.55,1065.75,1.0937
17/12/15,2041.89,34.98,1065.85,1.0804
18/12/15,2005.55,34.72,1055.25,1.0847
21/12/15,2021.15,34.55,1071.15,1.092
22/12/15,2038.97,36.12,1077,1.0978
23/12/15,2064.29,36.76,1071.5,1.0875
24/12/15,2060.99,37.62,1071.9,1.0955
25/12/15,#N/A,0,0,0
28/12/15,2056.5,36.36,0,1.0983
29/12/15,2078.36,37.88,1067.25,1.0916
30/12/15,2063.36,36.59,1067.8,1.0912
31/12/15,2043.94,37.13,1062.25,1.0859
01/01/16,#N/A,0,0,0
04/01/16,2012.66,36.81,1072.7,1.0803
05/01/16,2016.71,35.97,1078,1.0743
06/01/16,1990.26,33.97,1083.85,1.0762
07/01/16,1943.09,33.29,1096,1.086
08/01/16,1922.03,33.2,1097.45,1.0885
11/01/16,1923.67,31.42,1104.7,1.0878
12/01/16,1938.68,30.42,1094.85,1.0837
13/01/16,1890.28,30.42,1081.8,1.0862
14/01/16,1921.84,31.22,1090.75,1.0862
15/01/16,1880.33,29.45,1081.1,1.0964
18/01/16,#N/A,0,1090.45,0
19/01/16,1881.33,28.47,1087,1.0906
20/01/16,1859.33,26.68,1093.2,1.0908
21/01/16,1868.99,29.55,1096.8,1.0833
22/01/16,1906.9,32.07,1097.65,1.0814
25/01/16,1877.08,30.31,1103.7,1.0832
26/01/16,1903.63,29.54,1114.7,1.0846
27/01/16,1882.95,32.32,1116.5,1.0867
28/01/16,1893.36,33.21,1119,1.0952
29/01/16,1940.24,33.66,1112.9,1.0832
01/02/16,1939.38,31.62,1122,1.0888
02/02/16,1903.03,29.9,1123.6,1.0908
03/02/16,1912.53,32.29,1130,1.1051
04/02/16,1915.45,31.63,1146.25,1.1199
05/02/16,1880.05,30.86,1158.5,1.1131
08/02/16,1853.44,29.71,1173.4,1.117
09/02/16,1852.21,27.96,1188.9,1.13
10/02/16,1851.86,27.54,1183.4,1.1222
11/02/16,1829.08,26.19,1223.25,1.1362
12/02/16,1864.78,29.32,1239.5,1.1235
15/02/16,#N/A,0,1208.45,0
16/02/16,1895.58,29.05,1212,1.114
17/02/16,1926.82,30.68,1202.4,1.114
18/02/16,1917.83,30.77,1204.4,1.1092
19/02/16,1917.78,29.59,1221.5,1.1127
22/02/16,1945.5,31.37,1203.65,1.1018
23/02/16,1921.27,31.84,1218.75,1.1016
24/02/16,1929.8,30.35,1232.25,1.1021
25/02/16,1951.7,31.4,1235.4,1.1026
26/02/16,1948.05,31.65,1231,1.0932
29/02/16,1932.23,32.74,1234.15,1.0868
01/03/16,1978.35,34.39,1240,1.0847
02/03/16,1986.45,34.57,1229.35,1.0845
03/03/16,1993.4,34.56,1241.95,1.0948
04/03/16,1999.99,35.91,1271.5,1.101
07/03/16,2001.76,37.9,1267.6,1.1004
08/03/16,1979.26,36.67,1274.1,1.1028
09/03/16,1989.26,37.62,1258.25,1.1022
10/03/16,1989.57,37.77,1247.25,1.1162
11/03/16,2022.19,38.51,1262.25,1.118
14/03/16,2019.64,37.2,1256.55,1.1107
15/03/16,2015.93,36.32,1233.6,1.1112
16/03/16,2027.22,38.43,1233.1,1.1075
17/03/16,2040.59,40.17,1269.6,1.1316
18/03/16,2049.58,39.47,1254.5,1.1292
21/03/16,2051.6,39.91,1244.25,1.126
22/03/16,2049.8,41.45,1251.8,1.1228
23/03/16,2036.71,38.28,1232.2,1.1174
24/03/16,2035.94,38.14,1216.45,1.1163
25/03/16,#N/A,0,0,1.1164
28/03/16,2037.05,37.99,0,1.121
29/03/16,2055.01,36.91,1216.45,1.1204
30/03/16,2063.95,36.91,1238.2,1.133
31/03/16,2059.74,36.94,1233.6,1.139
01/04/16,2072.78,35.36,1232.1,1.1385
04/04/16,2066.13,34.3,1215,1.1386
05/04/16,2045.17,34.52,1231.5,1.1374
06/04/16,2066.66,37.74,1225.75,1.143
07/04/16,2041.91,37.3,1237.5,1.1386
08/04/16,2047.6,39.74,1235,1.1406
11/04/16,2041.99,40.46,1247.25,1.1412
12/04/16,2061.72,42.12,1259.2,1.1395
13/04/16,2082.42,41.7,1245.75,1.1281
14/04/16,2082.78,41.45,1240.3,1.1262
15/04/16,2080.73,40.4,1229.75,1.1295
18/04/16,2094.34,39.74,1237.7,1.1322
19/04/16,2100.8,40.88,1241.7,1.1375
20/04/16,2102.4,42.72,1247.75,1.133
21/04/16,2091.48,43.18,1257.65,1.1301
22/04/16,2091.58,42.76,1245.4,1.1239
25/04/16,2087.79,41.67,1230.85,1.1274
26/04/16,2091.7,42.52,1234.5,1.1318
27/04/16,2095.15,45.29,1244.75,1.1322
28/04/16,2075.81,46.03,1256.6,1.1325
29/04/16,2065.3,45.98,1274.5,1.1441
02/05/16,2081.43,44.75,0,1.1516
03/05/16,2063.37,43.65,1296.5,1.1508
04/05/16,2051.12,43.77,1280.3,1.1486
05/05/16,2050.63,44.33,1275.75,1.1404
06/05/16,2057.14,44.58,1280.25,1.1421
09/05/16,2058.69,43.45,1277.75,1.1402
10/05/16,2084.39,44.68,1264.85,1.1386
11/05/16,2064.46,46.21,1271.8,1.1444
12/05/16,2064.11,46.64,1268.3,1.138
13/05/16,2046.61,46.22,1275.15,1.1294
16/05/16,2066.66,47.72,1281,1.1328
17/05/16,2047.21,48.29,1270.1,1.1337
18/05/16,2047.63,48.12,1270.9,1.1276
19/05/16,2040.04,48.16,1253.75,1.1214
20/05/16,2052.32,47.67,1256.5,1.1207
23/05/16,2048.04,48.12,1250.4,1.1192
24/05/16,2076.06,48.04,1242.65,1.1145
25/05/16,2090.54,49.1,1220.75,1.1154
26/05/16,2090.1,49,1226.65,1.1184
27/05/16,2099.06,49.36,1221.25,1.114
30/05/16,#N/A,0,0,0
31/05/16,2096.96,49.1,1210.5,1.1135
01/06/16,2099.33,49.07,1216.25,1.1165
02/06/16,2105.26,49.14,1215.5,1.1157
03/06/16,2099.13,48.69,1211,1.133
06/06/16,2109.41,49.71,1240.55,1.1354
07/06/16,2112.13,50.37,1241.1,1.135
08/06/16,2119.12,51.23,1252.4,1.14
09/06/16,2115.48,50.52,1258.35,1.1329
10/06/16,2096.07,49.09,1266.6,1.1281
13/06/16,2079.06,48.89,1284.1,1.1282
14/06/16,2075.32,48.49,1279.4,1.1206
15/06/16,2071.5,47.92,1282,1.1239
16/06/16,2077.99,46.14,1307,1.1158
17/06/16,2071.22,48,1284.5,1.1256
20/06/16,2083.25,49.4,1283.25,1.1318
21/06/16,2088.9,48.95,1280.8,1.1262
22/06/16,2085.45,49.16,1265,1.1286
23/06/16,2113.32,49.34,1265.75,1.1373
24/06/16,2037.41,46.7,1313.85,1.1126
27/06/16,2000.54,45.8,1324.6,1.1024
28/06/16,2036.09,47.93,1312,1.1054
29/06/16,2070.77,49.85,1317.75,1.1117
30/06/16,2098.86,48.27,1317,1.1032
01/07/16,2102.95,49.02,1331.75,1.1145
04/07/16,#N/A,0,1348.75,0
05/07/16,2088.55,46.73,1344.75,1.108
06/07/16,2099.73,47.37,1370,1.1077
07/07/16,2097.9,45.22,1367.1,1.1065
08/07/16,2129.9,45.37,1356.1,1.1038
11/07/16,2137.16,44.73,1358.25,1.1045
12/07/16,2152.14,46.82,1352.85,1.1074
13/07/16,2152.43,44.87,1340.25,1.1112
14/07/16,2163.75,45.64,1325.7,1.1109
15/07/16,2161.74,45.93,1330.5,1.1059
18/07/16,2166.89,45.23,1326.15,1.1076
19/07/16,2163.78,44.64,1332.2,1.1014
20/07/16,2173.02,44.96,1325.6,1.1007
21/07/16,2165.17,43.96,1322,1.1016
22/07/16,2175.03,43.41,1323.2,1.0968
25/07/16,2168.48,42.4,1315,1.098
26/07/16,2169.18,42.16,1321.25,1.0984
27/07/16,2166.58,41.9,1320.8,1.0988
28/07/16,2170.06,41.13,1341.3,1.1094
29/07/16,2173.6,41.54,1332.5,1.1168
01/08/16,2170.84,40.05,1348.85,1.1176
02/08/16,2157.03,39.5,1358.15,1.1225
03/08/16,2163.79,40.8,1364.4,1.117
04/08/16,2164.25,41.92,1351.15,1.1134
05/08/16,2182.87,41.83,1362.6,1.108
08/08/16,2180.89,43.06,1330,1.1078
09/08/16,2181.74,42.78,1332.9,1.111
10/08/16,2175.49,41.75,1351.85,1.1171
11/08/16,2185.79,43.51,1344.55,1.1168
12/08/16,2184.05,44.47,1336.7,1.1172
15/08/16,2190.15,45.72,1339.2,1.1199
16/08/16,2178.15,46.57,1349.1,1.1277
17/08/16,2182.22,46.81,1342.75,1.1263
18/08/16,2187.02,48.2,1347.1,1.1334
19/08/16,2183.87,48.48,1346.85,1.1326
22/08/16,2182.64,46.8,1334.3,1.1314
23/08/16,2186.9,47.54,1338.5,1.1308
24/08/16,2175.44,46.29,1337.3,1.1256
25/08/16,2172.47,46.97,1324.5,1.1274
26/08/16,2169.04,47.64,1324.9,1.1237
29/08/16,2180.38,46.97,0,1.1182
30/08/16,2176.12,46.32,1318.85,1.115
31/08/16,2170.95,44.68,1314.45,1.1146
01/09/16,2170.86,43.17,1305.7,1.1194
02/09/16,2179.98,44.39,1311.5,1.1158
05/09/16,#N/A,0,1328.3,0
06/09/16,2186.48,44.85,1330.05,1.1237
07/09/16,2186.16,45.47,1348.75,1.1238
08/09/16,2181.3,47.63,1348,1.1256
09/09/16,2127.81,45.88,1335.65,1.1214
12/09/16,2159.04,46.28,1327.5,1.123
13/09/16,2127.02,44.91,1328.5,1.1242
14/09/16,2125.77,43.62,1323.2,1.1271
15/09/16,2147.26,43.85,1320.1,1.1246
16/09/16,2139.16,43.04,1314.25,1.116
19/09/16,2139.12,43.34,1315.05,1.1179
20/09/16,2139.76,43.85,1315.4,1.1172
21/09/16,2163.12,45.33,1319.6,1.1165
22/09/16,2177.18,46.1,1332.45,1.1229
23/09/16,2164.69,44.36,1335.9,1.1223
26/09/16,2146.1,45.6,1336.3,1.127
27/09/16,2159.93,44.65,1335.85,1.1208
28/09/16,2171.37,47.07,1324.8,1.12
29/09/16,2151.13,47.72,1320.85,1.1244
30/09/16,2168.27,47.72,1327.9,1.1238
03/10/16,2161.2,48.8,1318.65,1.121
04/10/16,2150.49,48.67,1309.15,1.1212
05/10/16,2159.73,49.75,1274,1.1196
06/10/16,2160.77,50.44,1265.5,1.1158
07/10/16,2153.74,49.76,1255,1.1156
10/10/16,2163.66,49.76,1262.1,0
11/10/16,2136.73,50.72,1256.4,1.1062
12/10/16,2139.18,50.14,1255.7,1.1014
13/10/16,2132.55,50.47,1258,1.1038
14/10/16,2132.98,50.35,1256.15,1.0985
17/10/16,2126.5,49.97,1252.7,1.1
18/10/16,2139.6,50.3,1261.65,1.0997
19/10/16,2144.29,51.59,1269.75,1.0966
20/10/16,2141.34,50.31,1269.2,1.0934
21/10/16,2141.16,50.61,1263.95,1.0866
24/10/16,2151.33,50.18,1267,1.0888
25/10/16,2143.16,49.45,1269.3,1.089
26/10/16,2139.43,48.75,1273.9,1.0916
27/10/16,2133.04,49.71,1269.3,1.0904
28/10/16,2126.41,48.72,1265.9,1.0934
31/10/16,2126.15,46.83,1274.2,1.0962
01/11/16,2111.72,46.66,1284.4,1.1042
02/11/16,2097.94,45.32,1295.85,1.1119
03/11/16,2088.66,44.66,1293,1.1094
04/11/16,2085.18,44.07,1301.7,1.1121
07/11/16,2131.52,44.88,1286.8,1.1038
08/11/16,2139.56,44.96,1284,1.1034
09/11/16,2163.26,45.2,1304.55,1.0952
10/11/16,2167.48,44.62,1280.9,1.0882
11/11/16,2164.45,43.39,1255.65,0
14/11/16,2164.2,43.29,1222.6,1.0723
15/11/16,2180.39,45.86,1228.9,1.0726
16/11/16,2176.94,45.56,1225.7,1.0699
17/11/16,2187.12,45.37,1232,1.0656
18/11/16,2181.9,45.69,1206.1,1.06
21/11/16,2198.18,47.48,1214.95,1.0597
22/11/16,2202.94,48.07,1217.55,1.0618
23/11/16,2204.72,46.72,1213.25,1.056
24/11/16,#N/A,0,1187.25,0
25/11/16,2213.35,46.72,1187.5,1.0595
28/11/16,2201.72,45.66,1189.1,1.0576
29/11/16,2204.66,45.29,1187.3,1.0626
30/11/16,2198.81,49.41,1187.4,1.0578
01/12/16,2191.08,51.08,1168.75,1.0634
02/12/16,2191.95,51.7,1171.65,1.0666
05/12/16,2204.71,51.72,1164.9,1.0723
06/12/16,2212.23,50.95,1171.15,1.0717
07/12/16,2241.35,49.85,1171.25,1.0758
08/12/16,2246.19,50.84,1174.75,1.0625
09/12/16,2259.53,51.51,1168.9,1.0541
12/12/16,2256.96,52.74,1154.4,1.0606
13/12/16,2271.72,52.99,1157.35,1.0635
14/12/16,2253.28,51.01,1160.95,1.0656
15/12/16,2262.03,50.9,1132.45,1.0375
16/12/16,2258.07,51.93,1134.85,1.0456
19/12/16,2262.53,52.13,1137.6,1.0444
20/12/16,2270.76,52.22,1132.75,1.039
21/12/16,2265.18,51.44,1134.4,1.0425
22/12/16,2260.96,51.98,1130.55,1.0452
23/12/16,2263.79,52.01,1131,1.0449
26/12/16,#N/A,0,0,0
27/12/16,2268.88,52.82,0,1.0458
28/12/16,2249.92,54.01,1139.75,1.0389
29/12/16,2249.26,53.8,1146.8,1.0486
30/12/16,2238.83,53.75,1159.1,1.0552
02/01/17,#N/A,0,0,0
03/01/17,2257.83,52.36,1148.65,1.0416
04/01/17,2270.75,53.26,1165.9,1.0476
05/01/17,2269,53.77,1173.05,1.0598
06/01/17,2276.98,53.98,1178,1.056
09/01/17,2268.9,51.95,1176.1,1.0576
10/01/17,2268.9,50.82,1183.2,1.0572
11/01/17,2275.32,52.19,1187.55,1.0501
12/01/17,2270.44,53.01,1206.65,1.0666
13/01/17,2274.64,52.36,1196.35,1.0625
16/01/17,#N/A,0,1202.75,0
17/01/17,2267.89,52.45,1217.5,1.0695
18/01/17,2271.89,51.12,1212.5,1.0682
19/01/17,2263.69,51.39,1203.35,1.063
20/01/17,2271.31,52.33,1199.1,0
23/01/17,2265.2,52.77,1213.75,1.074
24/01/17,2280.07,52.38,1213.3,1.0749
25/01/17,2298.37,52.14,1203.5,1.0743
26/01/17,2296.68,53.24,1191.55,1.067
27/01/17,2294.69,53.18,1184.2,1.069
30/01/17,2280.9,52.63,1189.85,1.0681
31/01/17,2278.87,52.75,1198.8,1.0794
01/02/17,2279.55,53.9,1210,1.0758
02/02/17,2280.85,53.55,1224.05,1.0802
03/02/17,2297.42,53.81,1213.05,1.0792
06/02/17,2292.56,53.01,1221.85,1.0731
07/02/17,2293.08,52.19,1231,1.069
08/02/17,2294.67,52.37,1235.6,1.0708
09/02/17,2307.87,52.99,1241.75,1.0658
10/02/17,2316.1,53.84,1225.75,1.065
13/02/17,2328.25,52.96,1229.4,1.0603
14/02/17,2337.58,53.21,1229.65,1.0577
15/02/17,2349.25,53.11,1225.15,1.0597
16/02/17,2347.22,53.41,1236.75,1.066
17/02/17,2351.16,53.41,1241.4,1.0614
20/02/17,#N/A,0,1235.35,0
21/02/17,2365.38,54.02,1228.7,1.0551
22/02/17,2362.82,53.61,1237.5,1.0555
23/02/17,2363.81,54.48,1237.35,1.0586
24/02/17,2367.34,53.99,1255.35,1.058
27/02/17,2369.75,54.04,1256.25,1.0624
28/02/17,2363.64,54,1251.9,1.0618
01/03/17,2395.96,53.82,1246.05,1.0564
02/03/17,2381.92,52.63,1243.3,1.0514
03/03/17,2383.12,53.33,1228.75,1.0552
06/03/17,2375.31,53.19,1231.15,1.0586
07/03/17,2368.39,52.68,1223.7,1.0582
08/03/17,2362.98,49.83,1213.3,1.0547
09/03/17,2364.87,48.75,1204.6,1.0586
10/03/17,2372.6,48.05,1196.55,1.0667
13/03/17,2373.47,47.95,1207.8,1.067
14/03/17,2365.45,47.24,1203.55,1.0645
15/03/17,2385.26,48.34,1202.25,1.063
16/03/17,2381.38,48.3,1225.6,1.0738
17/03/17,2378.25,48.34,1228.75,1.0742
20/03/17,2373.47,47.79,1233,1.0754
21/03/17,2344.02,47.02,1232.05,1.081
22/03/17,2348.45,47.29,1246.1,1.08
23/03/17,2345.96,47,1247.9,1.0787
24/03/17,2343.98,47.3,1244,1.0806
27/03/17,2341.59,47.02,1256.9,1.0882
28/03/17,2358.57,48.36,1253.65,1.0852
29/03/17,2361.13,49.47,1252.9,1.0756
30/03/17,2368.06,50.3,1250.9,1.0726
31/03/17,2362.72,50.54,1241.7,1.0698
03/04/17,2358.84,50.25,1246.25,1.0655
04/04/17,2360.16,50.99,1258.65,1.0664
05/04/17,2352.95,51.14,1252.5,1.0661
06/04/17,2357.49,51.69,1253.75,1.0651
07/04/17,2355.54,52.25,1264.3,1.0616
10/04/17,2357.16,53.06,1253.6,1.0606
11/04/17,2353.78,53.38,1255.7,1.0614
12/04/17,2344.93,53.12,1272.3,1.0611
13/04/17,2328.95,53.19,1286.1,1.063
14/04/17,#N/A,0,0,1.0625
17/04/17,2349.01,52.62,0,1.066
18/04/17,2342.19,52.46,1285,1.0706
19/04/17,2338.17,50.49,1282.05,1.0707
20/04/17,2355.84,50.26,1279.9,1.0758
21/04/17,2348.69,49.64,1281.5,1.0694
24/04/17,2374.15,48.9,1271.8,1.0846
25/04/17,2388.61,49.22,1270.5,1.0941
26/04/17,2387.45,49.22,1264.95,1.0872
27/04/17,2388.77,48.96,1264.3,1.0864
28/04/17,2384.2,49.31,1265.55,1.0895
01/05/17,2388.33,48.83,0,1.0912
02/05/17,2391.17,47.65,1255.8,1.091
03/05/17,2388.13,47.79,1253.95,1.092
04/05/17,2389.52,45.55,1235.85,1.0967
05/05/17,2399.29,46.23,1239.4,1.0996
08/05/17,2399.38,46.46,1229.7,1.0928
09/05/17,2396.92,45.84,1225.15,1.0875
10/05/17,2399.63,47.28,1222.95,1.0873
11/05/17,2394.44,47.81,1221,1.0869
12/05/17,2390.9,47.83,1227.9,1.0926
15/05/17,2402.32,48.86,1231.5,1.0979
16/05/17,2400.67,48.64,1234.05,1.1072
17/05/17,2357.03,49.04,1244.6,1.1134
18/05/17,2365.72,49.36,1261.35,1.113
19/05/17,2381.73,50.32,1251.85,1.119
22/05/17,2394.02,50.81,1255.25,1.1236
23/05/17,2398.42,51.12,1259.9,1.1198
24/05/17,2404.39,50.99,1251.35,1.1175
25/05/17,2415.07,48.57,1257.1,1.1218
26/05/17,2415.82,49.58,1265,1.117
29/05/17,#N/A,0,0,0
30/05/17,2412.91,49.63,1262.8,1.1183
31/05/17,2411.8,48.29,1263.8,1.1236
01/06/17,2430.06,48.32,1266.15,1.1214
02/06/17,2439.07,47.68,1260.95,1.127
05/06/17,2436.1,47.4,1280.7,1.125
06/06/17,2429.33,48.13,1287.85,1.1266
07/06/17,2433.14,45.8,1292.7,1.1236
08/06/17,2433.79,45.68,1284.8,1.1217
09/06/17,2431.77,45.82,1274.25,1.119
12/06/17,2429.39,46.1,1269.25,1.1204
13/06/17,2440.35,46.41,1261.3,1.1194
14/06/17,2437.92,44.79,1268.25,1.1277
15/06/17,2432.46,44.47,1260.25,1.1152
16/06/17,2433.15,44.73,1256.6,1.1194
19/06/17,2453.46,44.24,1251.1,1.116
20/06/17,2437.03,43.34,1246.5,1.1124
21/06/17,2435.61,42.48,1247.05,1.1143
22/06/17,2434.5,42.53,1251.4,1.1148
23/06/17,2438.3,42.86,1256.3,1.1196
26/06/17,2439.07,43.24,1240.85,1.1196
27/06/17,2419.38,44.25,1250.4,1.13
28/06/17,2440.69,44.74,1251.6,1.1364
29/06/17,2419.7,44.88,1246.6,1.142
30/06/17,2423.41,46.02,1243.25,1.1411
03/07/17,2429.01,0,1235.2,1.1367
04/07/17,#N/A,0,1224.25,0
05/07/17,2432.54,45.11,1221.9,1.1336
06/07/17,2409.75,45.52,1224.3,1.1409
07/07/17,2425.18,44.25,1220.4,1.1396
10/07/17,2427.43,44.4,1207.55,1.1396
11/07/17,2425.53,45.06,1211.9,1.143
12/07/17,2443.25,45.48,1219.4,1.1411
13/07/17,2447.83,46.06,1221.4,1.1385
14/07/17,2459.27,46.53,1218.95,1.1452
17/07/17,2459.14,46.02,1229.85,1.147
18/07/17,2460.61,46.4,1237.1,1.1578
19/07/17,2473.83,47.1,1239.85,1.1518
20/07/17,2473.45,46.73,1236.55,1.1634
21/07/17,2472.54,45.78,1247.25,1.1655
24/07/17,2469.91,46.21,1255.85,1.1642
25/07/17,2477.13,47.77,1252,1.1656
26/07/17,2477.83,48.58,1245.4,1.1632
27/07/17,2475.42,49.05,1262.05,1.1656
28/07/17,2472.1,49.72,1259.6,1.1754
31/07/17,2470.3,50.21,1266.35,1.1826
01/08/17,2476.35,49.19,1267.05,1.1799
02/08/17,2477.57,49.6,1266.65,1.1861
03/08/17,2472.16,49.03,1261.8,1.188
04/08/17,2476.83,49.57,1269.3,1.1754
07/08/17,2480.91,49.37,1257.55,1.1788
08/08/17,2474.92,49.07,1261.45,1.1724
09/08/17,2474.02,49.59,1267.95,1.1748
10/08/17,2438.21,48.54,1278.9,1.1751
11/08/17,2441.32,48.81,1288.3,1.1811
14/08/17,2465.84,47.59,1281.1,1.1786
15/08/17,2464.61,47.57,0,1.1736
16/08/17,2468.11,46.8,1270.15,1.1703
17/08/17,2430.01,47.07,1285.9,1.1736
18/08/17,2425.55,48.59,1295.25,1.1748
21/08/17,2428.37,47.39,1287.6,1.1814
22/08/17,2452.51,47.65,1285.1,1.1762
23/08/17,2444.04,48.45,1286.45,1.1802
24/08/17,2438.97,47.24,1285.9,1.1801
25/08/17,2443.05,47.65,1287.05,1.1874
28/08/17,2444.24,46.4,0,1.1973
29/08/17,2446.3,46.46,1323.4,1.2025
30/08/17,2457.59,45.96,1310.6,1.1927
31/08/17,2471.65,47.26,1305.8,1.1894
01/09/17,2476.55,47.32,1318.4,1.1878
04/09/17,#N/A,0,1334.6,0
05/09/17,2457.85,48.63,1331.15,1.1911
06/09/17,2465.54,49.13,1340.15,1.1943
07/09/17,2465.1,49.1,1340.45,1.2028
08/09/17,2461.43,47.44,1350.9,1.2041
11/09/17,2488.11,48.06,1338.75,1.1964
12/09/17,2496.48,48.21,1326.25,1.1968
13/09/17,2498.37,49.3,1332.25,1.1898
14/09/17,2495.62,49.86,1323,1.1886
15/09/17,2500.23,49.9,1325,1.1959
18/09/17,2503.87,49.88,1314.4,1.1938
19/09/17,2506.65,49.54,1308.45,1.198
20/09/17,2508.24,50.29,1314.9,1.1998
21/09/17,2500.6,50.58,1297.35,1.1946
22/09/17,2502.22,50.33,1297,1.1969
25/09/17,2496.66,51.85,1295.5,1.1852
26/09/17,2496.84,51.59,1306.9,1.1772
27/09/17,2507.04,52.14,1291.3,1.1747
28/09/17,2510.06,51.62,1284.3,1.1776
29/09/17,2519.36,51.67,1286.95,1.1813
02/10/17,2529.12,50.59,1273.1,1.1745
03/10/17,2534.58,50.44,1270.7,1.1759
04/10/17,2537.74,50,1275.55,1.176
05/10/17,2552.07,50.79,1278.4,1.1706
06/10/17,2549.33,49.34,1268.2,1.1732
09/10/17,2544.73,49.58,1282.15,0
10/10/17,2550.64,50.93,1289.6,1.1804
11/10/17,2555.24,51.3,1290.2,1.1847
12/10/17,2550.93,50.61,1294.45,1.184
13/10/17,2553.17,51.43,1293.9,1.1837
16/10/17,2557.64,51.86,1305.15,1.181
17/10/17,2559.36,51.87,1289.7,1.1754
18/10/17,2561.26,52.05,1280.65,1.1775
19/10/17,2562.1,51.29,1283.4,1.1842
20/10/17,2575.21,51.63,1280.25,1.177
23/10/17,2564.98,51.91,1275.25,1.1762
24/10/17,2569.13,52.32,1278.3,1.1766
25/10/17,2557.15,51.97,1273,1.1802
26/10/17,2560.4,52.41,1278,1.17
27/10/17,2581.07,53.92,1267.8,1.158
30/10/17,2572.83,54.11,1272.75,1.1626
31/10/17,2575.26,54.36,1274.4,1.1648
01/11/17,2579.36,54.32,1279.25,1.1618
02/11/17,2579.85,54.55,1276.4,1.1672
03/11/17,2587.84,55.63,1275.3,1.1616
06/11/17,2591.13,57.34,1271.6,1.16
07/11/17,2590.64,57.19,1276.35,1.1577
08/11/17,2594.38,56.82,1282.25,1.1591
09/11/17,2584.62,57.16,1284,1.1648
10/11/17,2582.3,56.75,1284.45,0
13/11/17,2584.84,56.77,1278.4,1.1656
14/11/17,2578.87,55.67,1273.7,1.1764
15/11/17,2564.62,55.28,1285.7,1.1794
16/11/17,2585.64,55.14,1277.7,1.1772
17/11/17,2578.85,56.21,1283.85,1.1799
20/11/17,2582.14,56.21,1292.35,1.1741
21/11/17,2599.03,56.84,1280,1.1741
22/11/17,2597.08,57.88,1283.95,1.1789
23/11/17,#N/A,0,1290.15,0
24/11/17,2602.42,58.94,1289.15,1.1936
27/11/17,2601.42,58.1,1294.7,1.1911
28/11/17,2627.04,57.96,1293.9,1.1878
29/11/17,2626.07,57.25,1294.85,1.1858
30/11/17,2647.58,57.4,1282.15,1.1898
01/12/17,2642.22,58.35,1277.25,1.191
04/12/17,2639.44,57.48,1279.1,1.1848
05/12/17,2629.57,57.66,1275.9,1.182
06/12/17,2629.27,55.79,1268.55,1.1788
07/12/17,2636.98,56.5,1256.8,1.179
08/12/17,2651.5,57.15,1245.85,1.1761
11/12/17,2659.99,57.84,1251.4,1.1802
12/12/17,2664.11,57.12,1243.4,1.1725
13/12/17,2662.85,56.59,1241.6,1.1762
14/12/17,2652.01,57,1255.6,1.1778
15/12/17,2675.81,57.29,1257.25,1.1778
18/12/17,2690.16,57.17,1258.65,1.1804
19/12/17,2681.47,57.49,1263.1,1.1822
20/12/17,2679.25,58.09,1265.95,1.1881
21/12/17,2684.57,58.34,1265.85,1.1872
22/12/17,2683.34,58.25,1268.05,1.1839
25/12/17,#N/A,0,0,0
26/12/17,2680.5,59.55,0,1.1867
27/12/17,2682.62,59.67,1285.4,1.1902
28/12/17,2687.54,59.84,1291.6,1.1952
29/12/17,2673.61,60.46,1296.5,1.2022
01/01/18,#N/A,0,0,0
02/01/18,2695.81,60.37,1312.8,1.205
03/01/18,2713.06,61.61,1314.6,1.203
04/01/18,2723.99,61.98,1313.7,1.2064
05/01/18,2743.15,61.49,1317.9,1.2039
08/01/18,2747.71,61.73,1318.8,1.1973
09/01/18,2751.29,62.92,1314.95,1.1922
10/01/18,2748.23,63.6,1321.65,1.1958
11/01/18,2767.56,63.81,1319.85,1.2035
12/01/18,2786.24,64.22,1332.9,1.213
15/01/18,#N/A,0,1343,0
16/01/18,2776.42,63.82,1334.95,1.2244
17/01/18,2802.56,63.92,1337.35,1.2229
18/01/18,2798.03,63.96,1329.75,1.2238
19/01/18,2810.3,63.38,1335.8,1.2238
22/01/18,2832.97,63.66,1334.15,1.223
23/01/18,2839.13,64.45,1337.1,1.2277
24/01/18,2837.54,65.69,1350.5,1.239
25/01/18,2839.25,65.62,1360.25,1.2488
26/01/18,2872.87,66.27,1354.35,1.2422
29/01/18,2853.53,65.71,1348.4,1.2352
30/01/18,2822.43,64.64,1345.7,1.239
31/01/18,2823.81,64.82,1343.35,1.2428
01/02/18,2821.98,65.92,1341.1,1.2482
02/02/18,2762.13,65.5,1345,1.2446
05/02/18,2648.94,64.18,1337.1,1.2418
06/02/18,2695.14,63.48,1344.65,1.2381
07/02/18,2681.66,61.91,1328.5,1.2281
08/02/18,2581,61.3,1311.05,1.2238
09/02/18,2619.55,59.2,1316.05,1.2226
12/02/18,2656,59.41,1321.7,1.2267
13/02/18,2662.94,59.33,1329.4,1.2363
14/02/18,2698.63,60.7,1330.75,1.2396
15/02/18,2731.2,61.48,1353.7,1.2482
16/02/18,2732.22,61.89,1358.6,1.2442
19/02/18,#N/A,0,1347.4,0
20/02/18,2716.26,61.91,1337.4,1.2348
21/02/18,2701.33,61.73,1328.6,1.2314
22/02/18,2703.96,62.72,1323.5,1.2326
23/02/18,2747.3,63.52,1328.9,1.2298
26/02/18,2779.6,63.81,1339.05,1.2296
27/02/18,2744.28,62.94,1332.75,1.2239
28/02/18,2713.83,61.43,1320.3,1.2211
01/03/18,2677.67,60.98,1311.25,1.2216
02/03/18,2691.25,61.19,1316.75,1.2314
05/03/18,2720.94,62.49,1326.3,1.233
06/03/18,2728.12,62.54,1324.95,1.2415
07/03/18,2726.8,61.09,1332.5,1.2397
08/03/18,2738.97,60.13,1325.4,1.2314
09/03/18,2786.57,62.02,1319.35,1.2326
12/03/18,2783.02,61.35,1317.25,1.2318
13/03/18,2765.31,60.69,1318.7,1.2398
14/03/18,2749.48,60.89,1324.95,1.2362
15/03/18,2747.33,61.16,1323.35,1.2321
16/03/18,2752.01,62.29,1320.05,1.228
19/03/18,2712.92,62.01,1311.7,1.2329
20/03/18,2716.94,63.37,1312.75,1.2271
21/03/18,2711.93,65.1,1316.35,1.2268
22/03/18,2643.69,64.25,1328.85,1.231
23/03/18,2588.26,65.8,1342.35,1.236
26/03/18,2658.55,65.49,1348.4,1.244
27/03/18,2612.62,65.21,1350.65,1.241
28/03/18,2605,64.3,1341.05,1.2351
29/03/18,2640.87,64.87,1323.9,1.2297
30/03/18,#N/A,0,0,1.232
02/04/18,2581.88,63.05,0,1.2288
03/04/18,2614.45,63.41,1336.6,1.2261
04/04/18,2644.69,63.35,1343.15,1.2292
05/04/18,2662.84,63.53,1327.05,1.223
06/04/18,2604.47,62.03,1325.6,1.2274
09/04/18,2613.16,63.4,1328.5,1.232
10/04/18,2656.87,65.48,1335.95,1.2338
11/04/18,2642.19,66.81,1345.2,1.2384
12/04/18,2663.99,67.07,1345.9,1.232
13/04/18,2656.3,67.35,1340.75,1.2322
16/04/18,2677.84,66.23,1344.4,1.2373
17/04/18,2706.39,66.5,1342.95,1.2345
18/04/18,2708.64,68.44,1346.55,1.238
19/04/18,2693.13,68.3,1347.9,1.2336
20/04/18,2670.14,68.26,1340.15,1.2282
23/04/18,2670.29,67.61,1328,1.2216
24/04/18,2634.56,67.66,1327.35,1.2226
25/04/18,2639.4,68,1325.7,1.2178
26/04/18,2666.94,68.18,1321.9,1.2113
27/04/18,2669.91,68.11,1317.7,1.2108
30/04/18,2648.05,68.56,1316.25,1.2074
01/05/18,2654.8,67.28,1309.2,1.2
02/05/18,2635.67,67.91,1310.75,1.1968
03/05/18,2629.73,68.45,1313.3,1.197
04/05/18,2663.42,69.71,1309.35,1.1946
07/05/18,2672.63,70.74,0,1.1927
08/05/18,2671.92,68.83,1310.05,1.1863
09/05/18,2697.79,71.16,1306.85,1.1852
10/05/18,2723.07,71.36,1314.8,1.1896
11/05/18,2727.72,70.69,1324.8,1.1951
14/05/18,2730.13,71.01,1320.7,1.1976
15/05/18,2711.45,71.34,1310.05,1.1864
16/05/18,2722.46,71.43,1291.75,1.1788
17/05/18,2720.13,71.47,1288.85,1.1798
18/05/18,2712.97,71.23,1287.2,1.1775
21/05/18,2733.01,72.26,1285.85,1.1768
22/05/18,2724.44,72.09,1293.9,1.1783
23/05/18,2733.29,71.85,1294,1.1693
24/05/18,2727.76,70.77,1296.35,1.1729
25/05/18,2721.33,67.92,1303.95,1.1666
28/05/18,#N/A,0,0,0
29/05/18,2689.86,66.8,1302.05,1.1551
30/05/18,2724.01,68.24,1298.6,1.1664
31/05/18,2705.27,66.98,1303.5,1.167
01/06/18,2734.62,65.81,1299.15,1.1679
04/06/18,2746.87,64.76,1294.65,1.1696
05/06/18,2748.8,65.51,1292.25,1.1672
06/06/18,2772.35,64.75,1295.25,1.1778
07/06/18,2770.37,65.96,1298.3,1.1815
08/06/18,2779.03,65.77,1299.2,1.1773
11/06/18,2782,66.1,1296.05,1.1802
12/06/18,2786.85,66.38,1298.3,1.1792
13/06/18,2775.63,66.63,1294.4,1.1784
14/06/18,2782.49,66.91,1305.3,1.1634
15/06/18,2779.66,65.01,1300.1,1.1616
18/06/18,2773.75,65.91,1281.25,1.1606
19/06/18,2762.59,65.09,1279,1.1577
20/06/18,2767.32,65.92,1273.25,1.1592
21/06/18,2749.76,65.68,1263.7,1.16
22/06/18,2754.88,69.02,1269.7,1.163
25/06/18,2717.07,69.91,1269.8,1.1694
26/06/18,2723.06,75.23,1257.15,1.1675
27/06/18,2699.63,77.41,1256.8,1.1588
28/06/18,2716.31,73.45,1250.5,1.1582
29/06/18,2718.37,74.13,1250.55,1.1677
02/07/18,2726.71,73.89,1249,1.1604
03/07/18,2713.22,74.19,1245.85,1.1653
04/07/18,#N/A,0,1256.9,0
05/07/18,2736.61,73.05,1252.5,1.1697
06/07/18,2759.82,73.78,1254.2,1.1738
09/07/18,2784.17,73.93,1262.6,1.1744
10/07/18,2793.84,74.11,1253.7,1.1728
11/07/18,2774.02,70.47,1250,1.1722
12/07/18,2798.29,70.28,1244.85,1.1692
13/07/18,2801.31,71.03,1240.5,1.1667
16/07/18,2798.43,68.22,1244.9,1.171
17/07/18,2809.55,68.03,1243.65,1.1664
18/07/18,2815.62,68.78,1223.45,1.1645
19/07/18,2804.49,69.42,1217.4,1.1604
20/07/18,2801.83,70.31,1224.85,1.1708
23/07/18,2806.98,67.9,1229.45,1.1702
24/07/18,2820.4,70.77,1224.3,1.1684
25/07/18,2846.07,71.13,1230.55,1.1677
26/07/18,2837.44,71.59,1228.35,1.1654
27/07/18,2818.82,68.66,1219.15,1.166
30/07/18,2802.6,71.19,1222.05,1.1718
31/07/18,2816.29,69.88,1219.2,1.1706
01/08/18,2813.36,68.8,1222.75,1.1666
02/08/18,2827.22,68.95,1217.6,1.1612
03/08/18,2840.35,68.49,1207.7,1.1597
06/08/18,2850.4,69.01,1212,1.1564
07/08/18,2858.45,69.17,1215.4,1.1597
08/08/18,2857.7,66.92,1212.35,1.1598
09/08/18,2853.58,66.81,1215.5,1.1566
10/08/18,2833.28,67.61,1211.65,1.1399
13/08/18,2821.93,67.25,1204.4,1.1396
14/08/18,2839.96,67.04,1195.3,1.1351
15/08/18,2818.37,65.07,1186.7,1.1332
16/08/18,2840.69,65.44,1179.65,1.1388
17/08/18,2850.13,65.93,1176.7,1.141
20/08/18,2857.05,66.5,1188.75,1.1438
21/08/18,2862.96,67.32,1194.1,1.1534
22/08/18,2861.82,67.85,1196.85,1.1595
23/08/18,2856.98,69.13,1187.3,1.1567
24/08/18,2874.69,69.71,1189.95,1.1625
27/08/18,2896.74,69.97,0,1.1676
28/08/18,2897.52,68.54,1212.75,1.172
29/08/18,2914.04,69.68,1204.3,1.1699
30/08/18,2901.13,70.25,1202.35,1.1646
31/08/18,2901.52,69.84,1206.85,1.1596
03/09/18,#N/A,0,1201.7,0
04/09/18,2896.72,69.82,1195.75,1.1566
05/09/18,2888.6,68.69,1194.7,1.162
06/09/18,2878.05,67.81,1204.3,1.1624
07/09/18,2871.68,67.73,1200.75,1.1572
10/09/18,2877.13,67.55,1195.8,1.1604
11/09/18,2887.89,69.29,1194,1.1591
12/09/18,2888.92,70.37,1197.8,1.1626
13/09/18,2904.18,68.6,1206.65,1.1672
14/09/18,2904.98,68.98,1206.2,1.1656
17/09/18,2888.8,68.86,1196.8,1.1687
18/09/18,2904.31,,1199.4,1.1693
19/09/18,2907.95,,1203,1.1685
20/09/18,2930.75,,1203,1.1744
21/09/18,2929.67,,1207.6,1.1739
24/09/18,2919.37,,1198.75,
25/09/18,2915.56,,1199.45,